[
  {
    "model": "assist_co_server.tasktype",
    "pk": 1,
    "fields": {
      "sort": 0,
      "display": "Schedule Event",
      "permalink": "schedule"
    }
  },
  {
    "model": "assist_co_server.tasktype",
    "pk": 2,
    "fields": {
      "sort": 1,
      "display": "Send Email",
      "permalink": "email"
    }
  },
  {
    "model": "assist_co_server.tasktype",
    "pk": 3,
    "fields": {
      "sort": 2,
      "display": "Place Call",
      "permalink": "call"
    }
  },
  {
    "model": "assist_co_server.tasktype",
    "pk": 4,
    "fields": {
      "sort": 3,
      "display": "Remind Me",
      "permalink": "reminder"
    }
  },
  {
    "model": "assist_co_server.tasktype",
    "pk": 5,
    "fields": {
      "sort": 4,
      "display": "Make Inquiry",
      "permalink": "inquiry"
    }
  },
  {
    "model": "assist_co_server.tasktype",
    "pk": 6,
    "fields": {
      "sort": 5,
      "display": "Other Task",
      "permalink": "other"
    }
  },
  {
    "model": "assist_co_server.profession",
    "pk": 1,
    "fields": {
      "sort": 0,
      "display": "Student",
      "permalink": "student"
    }
  },
  {
    "model": "assist_co_server.profession",
    "pk": 2,
    "fields": {
      "sort": 1,
      "display": "Medical",
      "permalink": "medical"
    }
  },
  {
    "model": "assist_co_server.profession",
    "pk": 3,
    "fields": {
      "sort": 2,
      "display": "Engineer",
      "permalink": "engineer"
    }
  },
  {
    "model": "assist_co_server.profession",
    "pk": 4,
    "fields": {
      "sort": 3,
      "display": "Public Service",
      "permalink": "public-service"
    }
  },
  {
    "model": "assist_co_server.profession",
    "pk": 5,
    "fields": {
      "sort": 4,
      "display": "Academia",
      "permalink": "academia"
    }
  },
  {
    "model": "assist_co_server.profession",
    "pk": 6,
    "fields": {
      "sort": 5,
      "display": "Designer",
      "permalink": "designer"
    }
  },
  {
    "model": "assist_co_server.profession",
    "pk": 7,
    "fields": {
      "sort": 6,
      "display": "Government",
      "permalink": "government"
    }
  },
  {
    "model": "assist_co_server.profession",
    "pk": 8,
    "fields": {
      "sort": 7,
      "display": "Hospitality",
      "permalink": "hospitality"
    }
  },
  {
    "model": "assist_co_server.profession",
    "pk": 9,
    "fields": {
      "sort": 8,
      "display": "Entrepreneur",
      "permalink": "entrepreneur"
    }
  },
  {
    "model": "assist_co_server.profession",
    "pk": 10,
    "fields": {
      "sort": 100,
      "display": "Other",
      "permalink": "other"
    }
  },
  {
    "model": "assist_co_server.gender",
    "pk": 1,
    "fields": {
      "sort": 0,
      "display": "Female",
      "permalink": "female"
    }
  },
  {
    "model": "assist_co_server.gender",
    "pk": 2,
    "fields": {
      "sort": 1,
      "display": "Male",
      "permalink": "male"
    }
  },
  {
    "model": "auth.permission",
    "pk": 1,
    "fields": {
      "name": "Can add log entry",
      "content_type": 1,
      "codename": "add_logentry"
    }
  },
  {
    "model": "auth.permission",
    "pk": 2,
    "fields": {
      "name": "Can change log entry",
      "content_type": 1,
      "codename": "change_logentry"
    }
  },
  {
    "model": "auth.permission",
    "pk": 3,
    "fields": {
      "name": "Can delete log entry",
      "content_type": 1,
      "codename": "delete_logentry"
    }
  },
  {
    "model": "auth.permission",
    "pk": 4,
    "fields": {
      "name": "Can add permission",
      "content_type": 2,
      "codename": "add_permission"
    }
  },
  {
    "model": "auth.permission",
    "pk": 5,
    "fields": {
      "name": "Can change permission",
      "content_type": 2,
      "codename": "change_permission"
    }
  },
  {
    "model": "auth.permission",
    "pk": 6,
    "fields": {
      "name": "Can delete permission",
      "content_type": 2,
      "codename": "delete_permission"
    }
  },
  {
    "model": "auth.permission",
    "pk": 7,
    "fields": {
      "name": "Can add user",
      "content_type": 3,
      "codename": "add_user"
    }
  },
  {
    "model": "auth.permission",
    "pk": 8,
    "fields": {
      "name": "Can change user",
      "content_type": 3,
      "codename": "change_user"
    }
  },
  {
    "model": "auth.permission",
    "pk": 9,
    "fields": {
      "name": "Can delete user",
      "content_type": 3,
      "codename": "delete_user"
    }
  },
  {
    "model": "auth.permission",
    "pk": 10,
    "fields": {
      "name": "Can add group",
      "content_type": 4,
      "codename": "add_group"
    }
  },
  {
    "model": "auth.permission",
    "pk": 11,
    "fields": {
      "name": "Can change group",
      "content_type": 4,
      "codename": "change_group"
    }
  },
  {
    "model": "auth.permission",
    "pk": 12,
    "fields": {
      "name": "Can delete group",
      "content_type": 4,
      "codename": "delete_group"
    }
  },
  {
    "model": "auth.permission",
    "pk": 13,
    "fields": {
      "name": "Can add content type",
      "content_type": 5,
      "codename": "add_contenttype"
    }
  },
  {
    "model": "auth.permission",
    "pk": 14,
    "fields": {
      "name": "Can change content type",
      "content_type": 5,
      "codename": "change_contenttype"
    }
  },
  {
    "model": "auth.permission",
    "pk": 15,
    "fields": {
      "name": "Can delete content type",
      "content_type": 5,
      "codename": "delete_contenttype"
    }
  },
  {
    "model": "auth.permission",
    "pk": 16,
    "fields": {
      "name": "Can add session",
      "content_type": 6,
      "codename": "add_session"
    }
  },
  {
    "model": "auth.permission",
    "pk": 17,
    "fields": {
      "name": "Can change session",
      "content_type": 6,
      "codename": "change_session"
    }
  },
  {
    "model": "auth.permission",
    "pk": 18,
    "fields": {
      "name": "Can delete session",
      "content_type": 6,
      "codename": "delete_session"
    }
  },
  {
    "model": "auth.permission",
    "pk": 19,
    "fields": {
      "name": "Can add task type",
      "content_type": 7,
      "codename": "add_tasktype"
    }
  },
  {
    "model": "auth.permission",
    "pk": 20,
    "fields": {
      "name": "Can change task type",
      "content_type": 7,
      "codename": "change_tasktype"
    }
  },
  {
    "model": "auth.permission",
    "pk": 21,
    "fields": {
      "name": "Can delete task type",
      "content_type": 7,
      "codename": "delete_tasktype"
    }
  },
  {
    "model": "auth.permission",
    "pk": 22,
    "fields": {
      "name": "Can add gender",
      "content_type": 8,
      "codename": "add_gender"
    }
  },
  {
    "model": "auth.permission",
    "pk": 23,
    "fields": {
      "name": "Can change gender",
      "content_type": 8,
      "codename": "change_gender"
    }
  },
  {
    "model": "auth.permission",
    "pk": 24,
    "fields": {
      "name": "Can delete gender",
      "content_type": 8,
      "codename": "delete_gender"
    }
  },
  {
    "model": "auth.permission",
    "pk": 25,
    "fields": {
      "name": "Can add profession",
      "content_type": 9,
      "codename": "add_profession"
    }
  },
  {
    "model": "auth.permission",
    "pk": 26,
    "fields": {
      "name": "Can change profession",
      "content_type": 9,
      "codename": "change_profession"
    }
  },
  {
    "model": "auth.permission",
    "pk": 27,
    "fields": {
      "name": "Can delete profession",
      "content_type": 9,
      "codename": "delete_profession"
    }
  },
  {
    "model": "auth.permission",
    "pk": 28,
    "fields": {
      "name": "Can add task",
      "content_type": 10,
      "codename": "add_task"
    }
  },
  {
    "model": "auth.permission",
    "pk": 29,
    "fields": {
      "name": "Can change task",
      "content_type": 10,
      "codename": "change_task"
    }
  },
  {
    "model": "auth.permission",
    "pk": 30,
    "fields": {
      "name": "Can delete task",
      "content_type": 10,
      "codename": "delete_task"
    }
  },
  {
    "model": "auth.permission",
    "pk": 31,
    "fields": {
      "name": "Can add client",
      "content_type": 11,
      "codename": "add_client"
    }
  },
  {
    "model": "auth.permission",
    "pk": 32,
    "fields": {
      "name": "Can change client",
      "content_type": 11,
      "codename": "change_client"
    }
  },
  {
    "model": "auth.permission",
    "pk": 33,
    "fields": {
      "name": "Can delete client",
      "content_type": 11,
      "codename": "delete_client"
    }
  },
  {
    "model": "auth.permission",
    "pk": 34,
    "fields": {
      "name": "Can add assistant",
      "content_type": 12,
      "codename": "add_assistant"
    }
  },
  {
    "model": "auth.permission",
    "pk": 35,
    "fields": {
      "name": "Can change assistant",
      "content_type": 12,
      "codename": "change_assistant"
    }
  },
  {
    "model": "auth.permission",
    "pk": 36,
    "fields": {
      "name": "Can delete assistant",
      "content_type": 12,
      "codename": "delete_assistant"
    }
  },
  {
    "model": "auth.permission",
    "pk": 37,
    "fields": {
      "name": "Can add Token",
      "content_type": 13,
      "codename": "add_token"
    }
  },
  {
    "model": "auth.permission",
    "pk": 38,
    "fields": {
      "name": "Can change Token",
      "content_type": 13,
      "codename": "change_token"
    }
  },
  {
    "model": "auth.permission",
    "pk": 39,
    "fields": {
      "name": "Can delete Token",
      "content_type": 13,
      "codename": "delete_token"
    }
  },
  {
    "model": "auth.user",
    "pk": 2,
    "fields": {
      "password": "testing",
      "last_login": "2016-11-14T15:32:40.284Z",
      "is_superuser": false,
      "username": "",
      "first_name": "Johnny",
      "last_name": "Appleseed",
      "email": "jappleseed@apple.com",
      "is_staff": false,
      "is_active": true,
      "date_joined": "2016-11-09T23:56:12.238Z",
      "groups": [],
      "user_permissions": []
    }
  },
  {
    "model": "auth.user",
    "pk": 6,
    "fields": {
      "password": "testing",
      "last_login": null,
      "is_superuser": false,
      "username": "assist_co@apple.com",
      "first_name": "assist",
      "last_name": "co",
      "email": "assist_co@apple.com",
      "is_staff": true,
      "is_active": true,
      "date_joined": "2016-11-10T02:00:03.682Z",
      "groups": [],
      "user_permissions": []
    }
  },
  {
    "model": "auth.user",
    "pk": 8,
    "fields": {
      "password": "pbkdf2_sha256$30000$f9LRd1z05WKX$NMUFaRylEIYuJxytjIeXky3AlxIB6Wx457gDXa4ohHg=",
      "last_login": null,
      "is_superuser": true,
      "username": "admin",
      "first_name": "",
      "last_name": "",
      "email": "admin@gmail.com",
      "is_staff": true,
      "is_active": true,
      "date_joined": "2016-11-10T21:46:11.566Z",
      "groups": [],
      "user_permissions": []
    }
  },
  {
    "model": "auth.user",
    "pk": 9,
    "fields": {
      "password": "testing",
      "last_login": null,
      "is_superuser": false,
      "username": "cketant@apple.com",
      "first_name": "johnny",
      "last_name": "appleseed",
      "email": "cketant@apple.com",
      "is_staff": false,
      "is_active": true,
      "date_joined": "2016-11-14T15:32:40.290Z",
      "groups": [],
      "user_permissions": []
    }
  },
  {
    "model": "authtoken.token",
    "pk": "1ed234ddd0d82bd1a25641101018caecbc94c2d7",
    "fields": {
      "user": 6,
      "created": "2016-11-10T02:00:03.726Z"
    }
  },
  {
    "model": "authtoken.token",
    "pk": "36abc6873bc9c62c92ef6fc52ba5e458c3e242cb",
    "fields": {
      "user": 9,
      "created": "2016-11-14T15:32:40.355Z"
    }
  },
  {
    "model": "authtoken.token",
    "pk": "3d8766889a99a21fb992bc0fee8f146583281c6e",
    "fields": {
      "user": 2,
      "created": "2016-11-09T23:57:59.298Z"
    }
  },
  {
    "model": "assist_co_server.client",
    "pk": 2,
    "fields": {
      "primary_assistant": null,
      "phone": "+13477925956",
      "profession": 3,
      "created_on": "2016-11-09T23:56:12.248Z",
      "updated_on": "2016-11-10T21:32:26.904Z",
      "profile_pic": "",
      "date_of_birth": "1991-04-25",
      "gender": 2,
      "groups": [],
      "user_permissions": []
    }
  },
  {
    "model": "assist_co_server.client",
    "pk": 6,
    "fields": {
      "primary_assistant": null,
      "phone": "+13472990403",
      "profession": 2,
      "created_on": "2016-11-10T02:00:03.684Z",
      "updated_on": "2016-11-10T02:00:03.684Z",
      "profile_pic": "",
      "date_of_birth": "2000-11-11",
      "gender": 2,
      "groups": [],
      "user_permissions": []
    }
  },
  {
    "model": "assist_co_server.client",
    "pk": 9,
    "fields": {
      "primary_assistant": null,
      "phone": "+17182330403",
      "profession": 3,
      "created_on": "2016-11-14T15:32:40.330Z",
      "updated_on": "2016-11-14T15:32:40.330Z",
      "profile_pic": "",
      "date_of_birth": "1991-04-25",
      "gender": 2,
      "groups": [],
      "user_permissions": []
    }
  },
  {
    "model": "assist_co_server.task",
    "pk": 2,
    "fields": {
      "client": 2,
      "assistant": null,
      "text": "Testing2",
      "task_type": 1,
      "state": "ready",
      "is_complete": false,
      "is_archived": false,
      "completed_on": null,
      "created_on": "2016-11-10T19:12:14.162Z",
      "updated_on": "2016-11-10T19:12:14.162Z"
    }
  },
  {
    "model": "assist_co_server.task",
    "pk": 3,
    "fields": {
      "client": 2,
      "assistant": null,
      "text": "Testing2",
      "task_type": 1,
      "state": "ready",
      "is_complete": false,
      "is_archived": false,
      "completed_on": null,
      "created_on": "2016-11-10T19:20:21.407Z",
      "updated_on": "2016-11-10T19:20:21.407Z"
    }
  },
  {
    "model": "assist_co_server.task",
    "pk": 4,
    "fields": {
      "client": 2,
      "assistant": null,
      "text": "Testing3",
      "task_type": 1,
      "state": "ready",
      "is_complete": false,
      "is_archived": false,
      "completed_on": null,
      "created_on": "2016-11-10T19:27:24.972Z",
      "updated_on": "2016-11-10T19:27:24.973Z"
    }
  },
  {
    "model": "assist_co_server.task",
    "pk": 5,
    "fields": {
      "client": 2,
      "assistant": null,
      "text": "Testing3",
      "task_type": 2,
      "state": "ready",
      "is_complete": false,
      "is_archived": false,
      "completed_on": null,
      "created_on": "2016-11-12T19:48:21.226Z",
      "updated_on": "2016-11-12T19:48:21.226Z"
    }
  },
  {
    "model": "assist_co_server.task",
    "pk": 6,
    "fields": {
      "client": 2,
      "assistant": null,
      "text": "Testing5",
      "task_type": 5,
      "state": "ready",
      "is_complete": false,
      "is_archived": false,
      "completed_on": null,
      "created_on": "2016-11-12T20:14:08.657Z",
      "updated_on": "2016-11-12T20:14:08.657Z"
    }
  },
  {
    "model": "assist_co_server.task",
    "pk": 7,
    "fields": {
      "client": 2,
      "assistant": null,
      "text": "Testing10",
      "task_type": 1,
      "state": "ready",
      "is_complete": false,
      "is_archived": true,
      "completed_on": null,
      "created_on": "2016-11-10T20:15:36.123Z",
      "updated_on": "2016-11-10T21:10:07.327Z"
    }
  },
  {
    "model": "assist_co_server.task",
    "pk": 8,
    "fields": {
      "client": 2,
      "assistant": null,
      "text": "Testing10",
      "task_type": 3,
      "state": "completed",
      "is_complete": true,
      "is_archived": false,
      "completed_on": null,
      "created_on": "2016-11-10T20:15:36.123Z",
      "updated_on": "2016-11-10T21:10:07.327Z"
    }
  },
  {
    "model": "assist_co_server.task",
    "pk": 9,
    "fields": {
      "client": 2,
      "assistant": null,
      "text": "Testing10",
      "task_type": 2,
      "state": "completed",
      "is_complete": true,
      "is_archived": false,
      "completed_on": null,
      "created_on": "2016-11-10T20:15:36.123Z",
      "updated_on": "2016-11-10T21:10:07.327Z"
    }
  },
  {
    "model": "assist_co_server.task",
    "pk": 10,
    "fields": {
      "client": 2,
      "assistant": null,
      "text": "Testing10",
      "task_type": 2,
      "state": "completed",
      "is_complete": true,
      "is_archived": false,
      "completed_on": null,
      "created_on": "2016-12-10T20:15:36.123Z",
      "updated_on": "2016-12-10T21:10:07.327Z"
    }
  },
  {
    "model": "assist_co_server.task",
    "pk": 11,
    "fields": {
      "client": 2,
      "assistant": null,
      "text": "Testing10",
      "task_type": 5,
      "state": "completed",
      "is_complete": true,
      "is_archived": false,
      "completed_on": null,
      "created_on": "2016-12-10T20:15:36.123Z",
      "updated_on": "2016-12-10T21:10:07.327Z"
    }
  },
  {
    "model": "assist_co_server.task",
    "pk": 12,
    "fields": {
      "client": 2,
      "assistant": null,
      "text": "Testing10",
      "task_type": 6,
      "state": "completed",
      "is_complete": true,
      "is_archived": false,
      "completed_on": null,
      "created_on": "2016-12-10T20:15:36.123Z",
      "updated_on": "2016-12-10T21:10:07.327Z"
    }
  },
  {
    "model": "assist_co_server.task",
    "pk": 13,
    "fields": {
      "client": 2,
      "assistant": null,
      "text": "Testing10",
      "task_type": 4,
      "state": "completed",
      "is_complete": true,
      "is_archived": false,
      "completed_on": null,
      "created_on": "2016-12-08T20:15:36.123Z",
      "updated_on": "2016-12-08T21:10:07.327Z"
    }
  }
]
